[{
    "extend":{"title":"观影指南"},
    "type":"special",
    "ruleBtn": {"name":"ruleBtn","type":"BG_IMG","custom":{}, "src":{"path": "images/ruleBtn.png"}},
    "ruleBg": {"name":"ruleBg","type":"BG_IMG","custom":{}, "src":{"path": "images/ruleBg.png"}},
    "screenBg": {"name":"screenBg","type":"BG_IMG","custom":{}, "src":{"path": "images/bg.png"}},
    "specialBgT": {"name":"specialBgT","type":"BG_PAGE","custom":{"moduleBgType":"1","color":"#000"}, "src":{"path": "images/specialBgT.png"}},
    "specialBgM": {"name":"specialBgM","type":"BG_PAGE","custom":{"moduleBgType":"1","color":"#000"}, "src":{"path": "images/specialBgM.png"}},
    "specialBgB": {"name":"specialBgB","type":"BG_PAGE","custom":{"moduleBgType":"1","color":"#000"}, "src":{"path": "images/specialBgB.png"}},
    "rightsBg": {"name":"rightsBg","type":"CARD_NORMAL","custom":{"name":"用户专享","num":1,"moduleBgType":"1","btnColor":"#000","color":"#000","way":1,"link":"http://m.cmbchina.com","status0":0, "status1":0}, "src":{"path": "images/rightsBg.png"}},
    "rightsBg1": {"name":"rightsBg1","type":"CARD_NORMAL","custom":{"name":"用户专享","num":1,"moduleBgType":"1","btnColor":"#000","color":"#000","way":1,"link":"http://m.cmbchina.com","status0":0}, "src":{"path": "images/rightsBg1.png"}},
    "priceBtn": {"name":"priceBtn","type":"CARD_NORMAL","custom":{"name":"用户特权","num":1,"moduleBgType":"1","btnColor":"#000","color":"#000","way":1,"link":"http://m.cmbchina.com","status0":0, "status1":0},"src":{"path": "images/priceBg.png","path1": "images/priceBtnActive.png","path2": "images/priceBtn.png"}},
    "h1":{"name":"h1","type":"P_WORD","content0":"招牌观影特惠","custom":{"style":{
        "width": "350px",
        "height": "26",
        "lineHeight": "26",
        "fontSize": "26",
        "color": "#FEE4C3",
        "background": "none",
        "textAlign": "center",
        "fontWeight": 300
    }}},
    "h2":{"name":"h2","type":"P_WORD","content0":"新用户专享权益","custom":{"style":{
        "width": "350px",
        "height": "26",
        "lineHeight": "26",
        "fontSize": "26",
        "color": "#FEE4C3",
        "background": "none",
        "textAlign": "center",
        "top": "15px",
        "left": "-25px",
        "fontWeight": 300
    }}},
    "h3":{"name":"h3","type":"P_WORD","content0":"活动规则","custom":{"style":{
        "width": "308px",
        "height": "26",
        "lineHeight": "26",
        "fontSize": "26",
        "color": "#FEE4C3",
        "background": "none",
        "textAlign": "center",
        "fontWeight": 300,
        "top":"20px"
    }}},
    "rule":{"name":"rule","type":"P_WORD","content0":"活动规则活动规则活动规则活动规则活动规则活动规则活动规则活动规则活动规则","custom":{"style":{
        "width": "274px",
        "height": "230",
        "lineHeight": "28",
        "fontSize": "18",
        "color": "#FEE4C3",
        "background": "none",
        "textAlign": "left",
        "fontWeight": 300,
        "top":"56px",
        "left":"17px"

    }}},
    "mark":{"name":"mark","type":"P_WORD","content0":"笔笔享立减","content1":"观影享好礼","content2":"观影享好礼","custom":{"style":{
        "width": "94px",
        "height": "24",
        "lineHeight": "24",
        "fontSize": "14",
        "color": "#FEDFC0",
        "background": "none",
        "textAlign": "center"
    }}},
    "title":{"name":"title","type":"P_WORD","content0":"两人同行 至少减10元","content1":"18元观影券限量领","content2":"18元观影券限量领","custom":{"style":{
        "width": "217px",
        "height": "18",
        "lineHeight": "18",
        "fontSize": "18",
        "color": "#7F5E4D",
        "background": "none",
        "textAlign": "left",
        "fontWeight": "900",
        "top": "37px",
        "left": "25px",
        "letterSpacing": "1px"
    }}},
    "subTitle":{"name":"subTitle","type":"P_WORD","content0":"每天限量抢购","content1":"完成影票交易可享","content2":"完成影票交易可享","custom":{"style":{
        "width": "217px",
        "height": "15",
        "lineHeight": "15",
        "fontSize": "15",
        "color": "#B8A38E",
        "background": "none",
        "textAlign": "left",
        "fontWeight": "600",
        "top": "60px",
        "left": "25px",
        "letterSpacing": "2px"
    }}},
    "rob":{"name":"rob","type":"P_WORD","content0":"立即抢券","content1":"立即抢券","content2":"立即抢券","custom":{"style":{
        "width": "15px",
        "height": "79",
        "lineHeight": "18",
        "fontSize": "15",
        "color": "#fff",
        "background": "none",
        "textAlign": "left",
        "fontWeight": "900",
        "top": "8px",
        "left": "45px"
    }}},
    "rob1":{"name":"rob1","type":"P_WORD","content0":"已抢光","content1":"已抢光","content2":"已抢光","custom":{"style":{
        "width": "15px",
        "height": "79",
        "lineHeight": "26",
        "fontSize": "15",
        "color": "#fff",
        "background": "none",
        "textAlign": "left",
        "fontWeight": "900",
        "top": "8px",
        "left": "45px"
    }}},
    "rightsMark":{"name":"rightsMark","type":"P_WORD","content0":"每天10点","content1":"周五10点|16点","custom":{"style":{
        "width": "94px",
        "height": "24",
        "lineHeight": "24",
        "fontSize": "12",
        "color": "#FEDFC0",
        "background": "none",
        "textAlign": "center",
        "top": "11px",
        "left": "69px",
        "transform": "rotate(40deg) scale(.7)"
    }}},
    "rightsTitle":{"name":"rightsTitle","type":"P_WORD","content0":"半价","content1":"免单","custom":{"style":{
        "width": "112px",
        "height": "40",
        "lineHeight": "40",
        "fontSize": "40",
        "color": "#8F6F48",
        "background": "none",
        "textAlign": "center",
        "top": "35px",
        "left": "13px",
        "letterSpacing": "1px"
    }}},
    "rightsSubTitle":{"name":"rightsSubTitle","type":"P_WORD","content0":"最高抵扣30元","content1":"最高抵扣50元","custom":{"style":{
        "width": "112px",
        "height": "15",
        "lineHeight": "15",
        "fontSize": "15",
        "color": "#706352",
        "background": "none",
        "textAlign": "center",
        "fontWeight": "900",
        "top": "85px",
        "left": "13px",
        "letterSpacing": "1px"
    }}},
    "rightsRob":{"name":"rightsRob","type":"P_WORD","content0":"立即抢券>","content1":"立即抢券>","custom":{"style":{
        "width": "112px",
        "height": "16",
        "lineHeight": "16",
        "fontSize": "16",
        "color": "#8F6F48",
        "background": "none",
        "textAlign": "center",
        "fontWeight": "900",
        "top": "130px",
        "left": "13px",
        "letterSpacing": "1px"
    }}},
    "rightsRob1":{"name":"rightsRob1","type":"P_WORD","content0":"已抢光","content1":"已抢光","custom":{"style":{
        "width": "112px",
        "height": "16",
        "lineHeight": "16",
        "fontSize": "16",
        "color": "#8F6F48",
        "background": "none",
        "textAlign": "center",
        "fontWeight": "900",
        "top": "130px",
        "left": "13px",
        "letterSpacing": "1px"
    }}},
    "rights1Mark":{"name":"rights1Mark","type":"P_WORD","content0":"每天10点","content1":"周五10点|16点","custom":{"style":{
        "width": "94px",
        "height": "24",
        "lineHeight": "24",
        "fontSize": "12",
        "color": "#FEDFC0",
        "background": "none",
        "textAlign": "center",
        "top": "11px",
        "left": "-20px",
        "transform": "rotate(-40deg) scale(1)"
    }}},
    "rights1Title":{"name":"rights1Title","type":"P_WORD","content0":"半价","content1":"免单","custom":{"style":{
        "width": "112px",
        "height": "40",
        "lineHeight": "40",
        "fontSize": "40",
        "color": "#8F6F48",
        "background": "none",
        "textAlign": "center",
        "top": "10px",
        "left": "73px",
        "letterSpacing": "1px"
    }}},
    "rights1SubTitle":{"name":"rights1SubTitle","type":"P_WORD","content0":"最高抵扣30元","content1":"最高抵扣50元","custom":{"style":{
        "width": "112px",
        "height": "15",
        "lineHeight": "15",
        "fontSize": "15",
        "color": "#706352",
        "background": "none",
        "textAlign": "center",
        "fontWeight": "900",
        "top": "60px",
        "left": "73px",
        "letterSpacing": "1px"
    }}},
    "rights1Rob":{"name":"rights1Rob","type":"P_WORD","content0":"立即抢券","content1":"立即抢券>","custom":{"style":{
        "width": "46px",
        "height": "20",
        "lineHeight": "20",
        "fontSize": "16",
        "color": "#8F6F48",
        "background": "none",
        "textAlign": "center",
        "fontWeight": "900",
        "top": "20px",
        "left": "248px",
        "letterSpacing": "2px"
    }}},
    "rights1Rob1":{"name":"rights1Rob1","type":"P_WORD","content0":"已抢光","content1":"已抢光","custom":{"style":{
        "width": "46px",
        "height": "20",
        "lineHeight": "20",
        "fontSize": "16",
        "color": "#8F6F48",
        "background": "none",
        "textAlign": "center",
        "fontWeight": "900",
        "top": "20px",
        "left": "248px",
        "letterSpacing": "2px"
    }}}
},{
    "type": "news",
    "newsBg": {"name":"newsBg","type":"BG_PAGE","custom":{"moduleBgType":"1","color":"#000"}, "src":{"path": "images/newsBg.png"}},
    "cover": {"name":"cover","type":"P_VIDEO","custom":{"name":"视频","way":1,"link":"http://m.cmbchina.com"}, "src":{"path": "images/cover.png"}},
    "tip":{"name":"tip","type":"P_WORD","content0":"《双子杀手》内地定档10月18日 李安、威尔.史密斯硬核联手","custom":{"style":{
        "width": "329px",
        "height": "22",
        "lineHeight": "22",
        "fontSize": "12",
        "color": "#000000",
        "background": "#fff",
        "textAlign": "center",
        "fontWeight": "900",
        "top": "176px",
        "left": "-6px",
        "transform": "scale(.97)"
    }}},
    "h1":{"name":"h1","type":"P_WORD","content0":"精彩资讯","custom":{"style":{
        "width": "350px",
        "height": "26",
        "lineHeight": "26",
        "fontSize": "26",
        "color": "#FEE4C3",
        "background": "none",
        "textAlign": "center",
        "top": "22px",
        "fontWeight": 300
    }}}
},{
    "type": "hot",
    "hotLeft": {"name":"hotLeft","type":"CARD_IMG","custom":{"moduleBgType":"0"}, "src":{"path": "images/imgLeft.png","path1": "images/imgRight.png"}},
    "hotRight": {"name":"hotRight","type":"BG_IMG","custom":{"moduleBgType":"1"}, "src":{"path": "images/imgLeft.png","path1": "images/imgRight.png"}},
    "hotLeft2": {"name":"hotLeft2","type":"BG_IMG","custom":{"moduleBgType":"0"}, "src":{"path": "images/imgLeft.png","path1": "images/imgRight.png"}},
    "ad": {"name":"ad","type":"BG_IMG","custom":{},"src":{"path": "images/ad.png"}},
    "ad1": {"name":"ad1","type":"BG_IMG","custom":{}, "src":{"path": "images/ad.png"}},
    "ad2": {"name":"ad2","type":"BG_IMG","custom":{}, "src":{"path": "images/ad.png"}},
    "h1":{"name":"h1","type":"P_WORD","content0":"热映推荐","custom":{"style":{
        "width": "350px",
        "height": "26",
        "lineHeight": "26",
        "fontSize": "26",
        "color": "#FEE4C3",
        "background": "none",
        "textAlign": "center",
        "top": "12px",
        "fontWeight": 300
    }}},
    "btn":{"name":"btn","type":"NAVIGATION","content0":"立即购票","custom":{"name":"立即购票","style":{
        "width": "100px",
        "height": "26",
        "lineHeight": "26",
        "fontSize": "14",
        "color": "#fff",
        "background": "#F16254",
        "borderWidth": "1",
        "textAlign": "center",
        "letterSpacing": "1px",
        "top":"85px",
        "left":"180px"
    },"styleL":{
        "width": "100px",
        "height": "26",
        "lineHeight": "26",
        "fontSize": "14",
        "color": "#fff",
        "background": "#F16254",
        "borderWidth": "1",
        "textAlign": "center",
        "letterSpacing": "1px",
        "top":"85px",
        "left":"10px"
    },"type":2,"way":1,"link":"http://m.cmbchina.com","moduleBgType":0}, "src":{"path": "images/stickyBtn.png"}},
    "btn1":{"name":"btn1","type":"NAVIGATION","content0":"立即购票","custom":{"name":"立即购票","style":{
        "width": "100px",
        "height": "26",
        "lineHeight": "26",
        "fontSize": "14",
        "color": "#fff",
        "background": "#F16254",
        "borderWidth": "1",
        "textAlign": "center",
        "letterSpacing": "1px",
        "top":"85px",
        "left":"180px"
    },"styleL":{
        "width": "100px",
        "height": "26",
        "lineHeight": "26",
        "fontSize": "14",
        "color": "#fff",
        "background": "#F16254",
        "borderWidth": "1",
        "textAlign": "center",
        "letterSpacing": "1px",
        "top":"85px",
        "left":"10px"
    },"type":2,"way":1,"link":"http://m.cmbchina.com","moduleBgType":0}, "src":{"path": "images/stickyBtn.png"}},
    "btn2":{"name":"btn2","type":"NAVIGATION","content0":"立即购票","custom":{"name":"立即购票","style":{
        "width": "100px",
        "height": "26",
        "lineHeight": "26",
        "fontSize": "14",
        "color": "#fff",
        "background": "#F16254",
        "borderWidth": "1",
        "textAlign": "center",
        "letterSpacing": "1px",
        "top":"85px",
        "left":"180px"
    },"styleL":{
        "width": "100px",
        "height": "26",
        "lineHeight": "26",
        "fontSize": "14",
        "color": "#fff",
        "background": "#F16254",
        "borderWidth": "1",
        "textAlign": "center",
        "letterSpacing": "1px",
        "top":"85px",
        "left":"10px"
    },"type":2,"way":1,"link":"http://m.cmbchina.com","moduleBgType":0}, "src":{"path": "images/stickyBtn.png"}},
    "mark":{"name":"mark","type":"P_WORD","content0":"演员：吴京、章子怡、张译","custom":{"style":{
        "width": "170px",
        "height": "12",
        "lineHeight": "12",
        "fontSize": "12",
        "color": "#fff",
        "background": "none",
        "textAlign": "left",
        "top":"65px",
        "left":"180px"
    },"styleL":{
        "width": "170px",
        "height": "12",
        "lineHeight": "12",
        "fontSize": "12",
        "color": "#fff",
        "background": "none",
        "textAlign": "left",
        "top":"65px",
        "left":"10px"
    }}},
    "title":{"name":"title","type":"P_WORD","content0":"《攀登者》","custom":{"style":{
        "width": "170px",
        "height": "16",
        "lineHeight": "16",
        "fontSize": "16",
        "color": "#FFE3C5",
        "background": "none",
        "textAlign": "left",
        "fontWeight": "900",
        "top": "22px",
        "left": "190px",
        "letterSpacing": "1px"
    },"styleL":{
        "width": "170px",
        "height": "16",
        "lineHeight": "16",
        "fontSize": "16",
        "color": "#FFE3C5",
        "background": "none",
        "textAlign": "left",
        "fontWeight": "900",
        "top": "22px",
        "left": "10px",
        "letterSpacing": "1px"
    }}},
    "subTitle":{"name":"subTitle","type":"P_WORD","content0":"挑战世界之巅","custom":{"style":{
        "width": "170px",
        "height": "14",
        "lineHeight": "14",
        "fontSize": "13",
        "color": "#FFE3C5",
        "background": "none",
        "textAlign": "left",
        "fontWeight": "300",
        "top": "45px",
        "left": "190px"
    },"styleL":{
        "width": "170px",
        "height": "14",
        "lineHeight": "14",
        "fontSize": "13",
        "color": "#FFE3C5",
        "background": "none",
        "textAlign": "left",
        "fontWeight": "300",
        "top": "45px",
        "left": "10px"
    }}},
    "mark1":{"name":"mark1","type":"P_WORD","content0":"演员：张涵予、欧豪、杜江","custom":{"style":{
        "width": "170px",
        "height": "12",
        "lineHeight": "12",
        "fontSize": "12",
        "color": "#fff",
        "background": "none",
        "textAlign": "left",
        "top":"65px",
        "left":"180px"
    },"styleL":{
        "width": "170px",
        "height": "12",
        "lineHeight": "12",
        "fontSize": "12",
        "color": "#fff",
        "background": "none",
        "textAlign": "left",
        "top":"65px",
        "left":"10px"
    }}},
    "title1":{"name":"title1","type":"P_WORD","content0":"《中国机长》","custom":{"style":{
        "width": "170px",
        "height": "16",
        "lineHeight": "16",
        "fontSize": "16",
        "color": "#FFE3C5",
        "background": "none",
        "textAlign": "left",
        "fontWeight": "900",
        "top": "22px",
        "left": "190px",
        "letterSpacing": "1px"
    },"styleL":{
        "width": "170px",
        "height": "16",
        "lineHeight": "16",
        "fontSize": "16",
        "color": "#FFE3C5",
        "background": "none",
        "textAlign": "left",
        "fontWeight": "900",
        "top": "22px",
        "left": "10px",
        "letterSpacing": "1px"
    }}},
    "subTitle1":{"name":"subTitle1","type":"P_WORD","content0":"世界民航史上的奇迹","custom":{"style":{
        "width": "170px",
        "height": "14",
        "lineHeight": "14",
        "fontSize": "13",
        "color": "#FFE3C5",
        "background": "none",
        "textAlign": "left",
        "fontWeight": "300",
        "top": "45px",
        "left": "190px"
    },"styleL":{
        "width": "170px",
        "height": "14",
        "lineHeight": "14",
        "fontSize": "13",
        "color": "#FFE3C5",
        "background": "none",
        "textAlign": "left",
        "fontWeight": "300",
        "top": "45px",
        "left": "10px"
    }}},
    "mark2":{"name":"mark2","type":"P_WORD","content0":"演员：黄渤、张译、杜江、葛优","custom":{"style":{
        "width": "170px",
        "height": "12",
        "lineHeight": "12",
        "fontSize": "12",
        "color": "#fff",
        "background": "none",
        "textAlign": "left",
        "top":"65px",
        "left":"180px"
    },"styleL":{
        "width": "170px",
        "height": "12",
        "lineHeight": "12",
        "fontSize": "12",
        "color": "#fff",
        "background": "none",
        "textAlign": "left",
        "top":"65px",
        "left":"10px"
    }}},
    "title2":{"name":"title2","type":"P_WORD","content0":"《我和我的祖国》","custom":{"style":{
        "width": "170px",
        "height": "16",
        "lineHeight": "16",
        "fontSize": "16",
        "color": "#FFE3C5",
        "background": "none",
        "textAlign": "left",
        "fontWeight": "900",
        "top": "22px",
        "left": "190px",
        "letterSpacing": "1px"
    },"styleL":{
        "width": "170px",
        "height": "16",
        "lineHeight": "16",
        "fontSize": "16",
        "color": "#FFE3C5",
        "background": "none",
        "textAlign": "left",
        "fontWeight": "900",
        "top": "22px",
        "left": "10px",
        "letterSpacing": "1px"
    }}},
    "subTitle2":{"name":"subTitle2","type":"P_WORD","content0":"记录了中国历史性经典瞬间","custom":{"style":{
        "width": "170px",
        "height": "14",
        "lineHeight": "14",
        "fontSize": "13",
        "color": "#FFE3C5",
        "background": "none",
        "textAlign": "left",
        "fontWeight": "300",
        "top": "45px",
        "left": "190px"
    },"styleL":{
        "width": "170px",
        "height": "14",
        "lineHeight": "14",
        "fontSize": "13",
        "color": "#FFE3C5",
        "background": "none",
        "textAlign": "left",
        "fontWeight": "300",
        "top": "45px",
        "left": "10px"
    }}}
},{
    "type": "ad",
    "adBg": {"name":"adBg","type":"BG_PAGE","custom":{"moduleBgType":"1","color":"#000"}, "src":{"path": "images/adBg.png"}},
    "iconCat": {"name":"iconCat","type":"BG_IMG","custom":{}, "src":{"path": "images/iconCat.png"}},
    "mark":{"name":"mark","type":"P_WORD","content0":"招商银行App影票，天天立减 半价看大片 覆盖超9500+影院","custom":{"style":{
        "width": "345px",
        "height": "24",
        "lineHeight": "24",
        "fontSize": "12",
        "color": "#88B9DA",
        "background": "none",
        "textAlign": "center",
        "left": "5px",
        "top": "40px"
    }}}
},{
    "type": "stickyBtn",
    "stickyBtn": {"name":"stickyBtn","type":"BG_IMG","custom":{}, "src":{"path": "images/stickyBtn.png"}},
    "mark":{"name":"mark","type":"NAVIGATION","content0":"立即购票","custom":{"name":"底部按钮","style":{
        "width": "345px",
        "height": "62",
        "lineHeight": "62",
        "fontSize": "20",
        "color": "#fff",
        "background": "none",
        "borderWidth": "1",
        "textAlign": "center",
        "left": "13px",
        "top": "0px",
        "letterSpacing": "2px"
    },"type":4,"way":1,"link":"http://m.cmbchina.com","moduleBgType":1}, "src":{"path": "images/stickyBtn.png"}}
},{
    "type": "nav",
    "navigation": {"name":"navigation","type":"NAVIGATION","content0":"查看更多热映影片>>","custom":{"name":"导航按钮","style":{
        "width": "183px",
        "height": "35 px",
        "lineHeight": "35",
        "fontSize": "16",
        "color": "#87B9DA",
        "background": "#87B9DA",
        "borderWidth": "1",
        "textAlign": "center",
        "left": "0px",
        "top": "0px",
        "letterSpacing": "2px"
    },"type":4,"way":1,"link":"http://m.cmbchina.com","moduleBgType":0}, "src":{"path": "images/stickyBtn.png"}}
}]